sentence_id,sentence,sentiment_label,control,sentence_en
5,موضوع خوبی فراهم می‌کند، در حالی که فیلم نمی‌تواند دلیلی برای اهمییت دادن ما، فراتر از اصول اولیه‌ی نجابت انسانی ارائه دهد‌,0,,Presents a good case while failing to provide a reason for us to care beyond the very basic dictums of human decency.
7,"فیلم ""نان قندی من"" آنقدر ایراد دارد که برای منتقدان آسان است تا فیلم را خورد کنند‌",-1,,"Bread, My Sweet has so many flaws it would be easy for critics to shred it."
8,کند، احمقانه و ناخواسته خنده‌دار است‌,0,CONTROL,"Slow, silly and unintentionally hilarious."
15,صحنه‌آرایی‌های فیلم، خاص و صمیمی است، در نتیجه جسورتر از ساخته‌های از قبل تولید شده‌ایی هستند که طراحی و روند تولید فیلم را تعریف کرده و تحت تاثیر قرار می‌دهند‌,0,,The film's stagecrafts are intimate and therefore bolder than the otherwise calculated artifice that defines and overwhelms the film's production design.
22,"غیر از شگفتی‌های ظاهری، موضوع دیگری در مورد فیلم ""فِیتِل"" وجود ندارد ‌‌‌اما اشکالی ندارد‌",0,CONTROL,"There's not much to Fatale, outside of its stylish surprises... but that's OK."
23,"بازی بازیگران خشک و بی روح است، داستان فاقد هرگونه شوخ‌طبعی است، به نظر می‌رسد صحنه‌ها از جزیره‌ی گیلیگان قرض گرفته شده‌اند و احتمال دارد ""سی‌جی‌آی‌ اسکوبی"" بدترین جلوه ویژه‌ی سال باشد‌",-1,,"The acting is stiff, the story lacks all trace of wit, the sets look like they were borrowed from Gilligan's Island -- and the CGI Scooby might well be the worst special-effects creation of the year."
26,فیلمی درجه یک که کاملا جزء فیلم‌هایی کم هزینه تلقی می‌شود، که ترکیب دو ژانر مطمئن و محبوب، زندان و فیلم مبارزه‌ایی است‌,1,,"A first-class, thoroughly involving B movie that effectively combines two surefire, beloved genres -- the prison flick and the fight film."
29,یکی دیگر از بهترین انتخاب‌های سال‌,1,,Another Best of the Year selection.
31,همان آهنگ، بخش دوم، می‌توانست بهتر باشد، اما می‌توانست بدتر نیز باشد‌,0,CONTROL,"Same song, second verse, coulda been better, but it coulda been worse."
32,عاشق قسمت میانیِ زیبای این فیلم هستم‌,1,,I love the robust middle of this picture.
36,"برای بقیه ما، نشستن در مقابل فیلم دو ساعتی ""داهمر""، کمی‌ بیشتر از مجازات است‌",-1,,"For the rest of us, sitting through Dahmer's two hours amounts to little more than punishment."
38,این فیلم برای طرفدارانی است که نمی‌توانند انیمه را دوست نداشته باشند و بشدت به ساخته شدن آن متعصب هستند‌,0,,"The movie is for fans who can't stop loving anime, and the fanatical excess built into it."
39,"فیلم ""حلقه"" ارزش دیدن دارد، اگر از سرگرمی ‌هالووین خود چیزی بیش از چند هیجان ارزان قیمت نمی‌خواهید",0,,"The Ring is worth a look, if you don't demand much more than a few cheap thrills from your Halloween entertainment."
40,کمدی – درامی ‌که به زیبایی دیده شده و به طرز معجزه‌آسایی موعظه‌گر نیست‌,1,,"Beautifully observed, miraculously unsentimental comedy-drama."
41,"چیزی که باعث تحسین فیلم ""چگونه پدرم را کشتم"" می‌شود، علاوه بر اجرای فوق‌العاده‌ی بازیگران، تمایل فونتین برای پرسه‌زدن در حوزه‌ی تاریکِ روابط والدین و فرزندان است، بدون اینکه از این کار بخواهد سرباز زند‌",1,,"What makes How I Killed My Father compelling, besides its terrific performances, is Fontaine's willingness to wander into the dark areas of parent-child relationships without flinching."
42,"این تولید عجولانه، فقط به علت تمایل هاپکینز به بازیِ دوباره در ""هانیبال لکتر"" است، حتی اگر هریس تمایلی فوری به ارائه‌ی کتاب چهارم نداشته باشد‌",-1,,"This hastily mounted production exists only to capitalize on Hopkins' inclination to play Hannibal Lecter again, even though Harris has no immediate inclination to provide a fourth book."
43,عدم اعتماد‌به‌نفس و ناتوانی کامل بولاک، سریعاً فیلم را از مسیر خود خارج می‌کند‌,-1,,Bullock's complete lack of focus and ability quickly derails the film.
47,درامی ‌ضعیف و بشدت کند,-1,,Flaccid drama and exasperatingly slow journey.
49,چگونه این فیلم ساخته شد؟,-1,,How did it ever get made?
53,در بعضی از مواقع، فیلم واقعاً زیبا به‌نظر می‌رسد‌,1,,"At times, the movie looks genuinely pretty."
55,احمقانه‌ترین و توهین‌آمیزترین فیلمِ سه ماهه اول سال 2002 است‌,-1,CONTROL,"The stupidest, most insulting movie of 2002's first quarter."
58,به عقب برگشتم و 10 دقیقه آخر را بررسی کردم اما از 30 یا 40 دقیقه‌ی اول هم نفرت‌انگیزتر بود‌,-1,,"I did go back and check out the last 10 minutes, but these were more repulsive than the first 30 or 40 minutes."
59,فیلمی شوم که نه تنها غیر قابل دیدن است، بلکه قابل شنیدن نیز نیست‌,-1,,"A lousy movie that's not merely unwatchable, but also unlistenable."
60,یکی از بهترین فیلم‌های سال، با اکتشاف خود از موانع شادی با پنج دلیل جداگانه، ‌‌‌یک شاهکار روانشناختی‌,1,,One of the best films of the year with its exploration of the obstacles to happiness faced by five contemporary individuals... a psychological masterpiece.
65,‌‌‌به نظر می‌رسد این بار چیزی در ترجمه گم شده است‌,-1,,... something appears to have been lost in the translation this time.
67,استفان رای، آیدان کویین و الن بیتز نقش وکیل را بازی می‌کنند و وقتی برازنن به ‌آن‌ها می‌پیوندد، تماشای این چهار نفر بذله‌گو در اماکن زیبای ایرلند بسیار خوشایند است‌,1,,"Stephen Rea, Aidan Quinn, and Alan Bates play Desmond's legal eagles, and when joined by Brosnan, the sight of this grandiloquent quartet lolling in pretty Irish settings is a pleasant enough thing, `tis."
68,فیلمی قدرتمند اما دارای اشکالاتی است، اما تضمین می‌کند که احساسات شما را برانگیزد و در عین حال واشنگتن را احتمالاً به عنوان بهترین بازیگر این روزها تایید می‌کند‌,1,,"It's a powerful though flawed movie, guaranteed to put a lump in your throat while reaffirming Washington as possibly the best actor working in movies today."
69,مقدمه‌ای جذاب و سرگرم‌کننده برای جانسون است‌,1,,An intriguing and entertaining introduction to Johnson.
70,همه چیز، هم اندازه لهجه‌ی اجباری اوما از نیوجرسی، در فیلم سطحی بود‌,-1,,Everything was as superficial as the forced New Jersey lowbrow accent Uma had.
74,دیدن مردان میانسال و مسن‌تر که در حد افراط می‌نوشند، روی درختان ادرار می‌کنند، به یکدیگر فحش می‌دهند و هم‌چون زنان لباس می‌پوشند و آرایش می‌کنند، اصلاً جذاب و سرگرم‌کننده نیست‌,-1,CONTROL,"It is supremely unfunny and unentertaining to watch middle-age and older men drink to excess, piss on trees, b.s. one another and put on a show in drag."
75,فقط چند دقیقه از زمانی می‌گذرد که پدر اسلشرها همچنان با لباس دیگ بخار و ماسک سفید وارد می‌شود، که برای مردی که از سال 1978 به قتل دسته جمعی مبادرت می‌کرده اما هرگز در حال شستن لباس دیده نشده، به طرز قابل توجهی لباسش تمیز به نظر  می‌رسد‌,0,,"Only a few minutes elapse before the daddy of all slashers arrives, still with the boiler suit and white mask, which look remarkably clean for a guy who has been mass-murdering since 1978 but has never been seen doing laundry."
78,یک فیلم زامبی به‌تمام معنا، احمقانه، بی‌روح، پرپیچ‌و‌خم، پر‌سر‌و‌صدا، دردناک، نفرت‌انگیز,-1,,"A zombie movie in every sense of the word -- mindless, lifeless, meandering, loud, painful, obnoxious."
85,این فیلم در هیچ سطحی بدرد من نمی‌خورد‌,-1,,This thing works on no level whatsoever for me.
87,در مقایسه با فیلم‌های قبلی‌اش، بصورت ناامید کننده‌ای، بخش کوچکی از زندگی طبقه پایین لندن را نشان می‌دهد؛ فیلمی‌ که برخلاف عنوانش، محتوای کمی ‌برای ارائه دارد‌,-1,,In comparison to his earlier films it seems a disappointingly thin slice of lower-class London life; despite the title... amounts to surprisingly little.
88,یکی از بهترین، انسانی‌ترین و مهم‌ترین فیلم‌هایی که تاکنون در مورد هولوکاست ساخته شده است‌,1,,"One of the finest, most humane and important Holocaust movies ever made."
93,"این موضوع بسیار سلیقه‌ایی است اما در عین حال برخلاف فیلم ""خارها"" این فیلم، به طرز ماهرانه‌ای خلق و خوی زمانه را نشان می‌دهد‌",1,,It is intensely personal and yet -- unlike Quills -- deftly shows us the temper of the times.
95,طنزی قوی و خوش‌فرم‌,1,,"... a solid, well-formed satire."
96,برای شجاعت سیاسی، سزاوار نمره‌ی بالایی است اما به سختی دارای شایستگی هنری است‌,0,,Deserves high marks for political courage but barely gets by on its artistic merits.
99,بوی پوسیدگی و بی‌اصالتی از ابتدا تا انتهای کار‌,0,,Reeks of rot and hack work from start to finish.
100,ارتباطات میان این خانواده‌ها  می‌تواند شما را شگفت‌زده کند‌,0,,Just how these families interact may surprise you.
103,وحشتناک، معتبر و تاریک‌,0,,"Creepy, authentic and dark."
105,روال معمول و بچه‌گانه دگرپوشی در فیلم‌های راب اشنایدر که فضای فیلم زن لوند را پر کرده است، آخرین ترفند این طنزپرداز خالی از خلاقیت است,-1,,"Rob Schneider's infantile cross-dressing routines fill The Hot Chick, the latest gimmick from this unimaginative comedian."
106,این فیلم با مهارت ساخته شده است، به اندازه بازی‌های ویدئویی که نوجوانان ژاپنی در کلوپ‌‌های شبانه بازی می‌کنند، مصنوعی اما لذت‌بخش است‌,0,,"The film is a contrivance, as artificial as the video games Japanese teens play in a nightclub sequence, but it's an enjoyable one."
110,بی‌سروصدا، صبور و سرسخت همچون آقای لوپز، کسی که با آرامش و انضباط چشمگیر به کار سخت و بی‌پایان خود می‌پردازد‌,1,,"As quiet, patient and tenacious as Mr. Lopez himself, who approaches his difficult, endless work with remarkable serenity and discipline."
111,"به جای اینکه ""پینوکیو"" را از منتقدان مخفی کند، شرکت میراماکس، باید آن را از همه مخفی کند‌",-1,,"Instead of hiding Pinocchio from critics, Miramax should have hidden it from everyone."
112,مایه شرمساری است که کارگردان با استعدادی همچون چن کیج، ساختن فیلم به زبان انگلیسی را با فیلمی با طرح و فیلنامه‌ی ضعیف آغاز کرده است‌,-1,,What a great shame that such a talented director as Chen Kaige has chosen to make his English-language debut with a film so poorly plotted and scripted.
114,تقریباً بهترین فیلم ترسناک با مضمون قدیمی‌ در 15 سال اخیر است‌,1,,"Just about the best straight-up, old-school horror film of the last 15 years."
115,بازی گاسلینگ شخصیتی به‌شدت قانع‌کننده را خلق می‌کند، جوانی بسیار باهوش که به شکلی متناقض، از خود متنفر و خود‌ ویرانگر است‌,1,,"Gosling creates a staggeringly compelling character, a young man whose sharp intellect is at the very root of his contradictory, self-hating, self-destructive ways."
117,بهتر است در جلوی آن بخوابید تا صدای آن را گوش کنید‌,-1,,Better at putting you to sleep than a sound machine.
118,"کمتر به پسرعموی فیلم ""بلید رانر"" شباهت دارد تا سری فیلم‌های ""فرار از نیویورک""‌",-1,,Feels less like a cousin to Blade Runner than like a bottom-feeder sequel in the Escape From New York series.
122,ظاهراً کمدیِ رومانتیک با دیدگاهی نو در برنامه‌ی کنونی هالیوود قرار ندارد‌,-1,,"Apparently, romantic comedy with a fresh point of view just doesn't figure in the present Hollywood program."
123,اینکه هاینس می‌تواند نماهایی که ژانر و شخصیت او را می‌سازند، هم حفظ کند و هم از بین ببرد، دستاوردی شگفت‌انگیز از صداقت و ظرافت روایی است‌,1,,That Haynes can both maintain and dismantle the facades that his genre and his character construct is a wonderous accomplishment of veracity and narrative grace.
124,بعضی از بخش‌های فیلم بسیار بد است، اما سایر بخش‌ها مناسب هستند‌,0,,"Some elements of it really blow the big one, but other parts are decent."
125,در جریان ساخت این فیلم، هیچ فرد فرانسوی آسیب ندید، اما به آن‌ها توهین شد و تماشاگران هم به مدت یک ساعت و نیم شکنجه شدند‌,-1,,"No French people were harmed during the making of this movie, but they were insulted and the audience was put through torture for an hour and a half."
135,فیلمی بسیار هوشمندانه و ظریف که تعادل متزلزل میان اعتماد‌به‌نفس زیاد اَشراف تبعیدی و جدیت بی‌رحمانه انقلابیون پیروز را به تصویر می‌کشد‌,1,,"A fiercely clever and subtle film, capturing the precarious balance between the extravagant confidence of the exiled aristocracy and the cruel earnestness of the victorious revolutionaries."
138,به لطف یک ستاره کوچک با قلب بزرگ، این دنباله فیلم خانوادگی برای همه بسیار سرگرم‌کننده است‌,1,,"Thanks to a small star with big heart, this family film sequel is plenty of fun for all."
139,من تصمیم گرفته‌ام که یک لامپ را هر شب از این به بعد روشن نگه دارم‌,0,,And I've decided to leave a light on every night from now on.
142,دقیقا همان چیزی که از مردی به نام کائوس انتظار  می‌رود‌,0,,Exactly what you'd expect from a guy named Kaos.
143,"اگر ادوودِ افسانه‌ای فیلمی در مورد یک خون‌آشام می‌ساخت، احتمالاً شبیه این محصول، هشداردهنده می‌شد که از رمان ""اَن رایس"" به نام ""تاریخچه‌ی خون‌آشام"" اقتباس شده‌است‌",0,CONTROL,"If legendary shlockmeister Ed Wood had ever made a movie about a vampire, it probably would look a lot like this alarming production, adapted from Anne Rice's novel The Vampire Chronicles."
148,کاکس (کرگردان) نگاه‌های اجمالی زیادی بر روی تصاویرش خلق می‌کند اما در آنها هیچ نشانه‌ایی از فیلم‌های نیجینسکی وجود ندارد، در عوض او مخاطب را بی‌هدف و سردرگم می‌کند‌,-1,,"Cox offers plenty of glimpses at existing photos, but there are no movies of Nijinsky, so instead the director treats us to an aimless hodgepodge."
152,اگر به‌خاطر عملکرد دو بازیگر مکمل در قسمت‌های حساس فیلم نبود، فیلم با شکست زیادی همراه می‌شد‌,0,,... would be a total loss if not for two supporting performances taking place at the movie's edges.
157,قرار است هریس ستاره‌ی داستان باشد، اما ظاهری بسیار کسل‌کننده و خشک دارد‌,0,,"Harris is supposed to be the star of the story, but comes across as pretty dull and wooden."
158,خنده‌دارترین و دوست‌داشتنی ترین فیلم آلن در سال‌های متمادی‌,1,CONTROL,Allen's funniest and most likeable movie in years.
161,در فیلم حفره‌های داستانی متعددی وجود دارد که به اندازه کافی بزرگ هستند که یک نهنگ قاتل بتواند در آن شنا کند‌,-1,,There are plot holes big enough for Shamu the killer whale to swim through.
165,به نظر می‌رسد کیشنر و مونرو در رقابت هستند تا ببینند چه کسی نسبت به دیگری بدتر بازی می‌کند‌,-1,,Kirshner and Monroe seem to be in a contest to see who can out-bad-act the other.
170,"حتی اگر عمدا، با استاندارد‌های پایین شوخ‌طبعی در فیلم ""فرت بوی"" فیلم را مقایسه کنیم، باز هم فیلم ""سوراریتی بویز"" اثری ضعیف است‌",-1,,"Even by the intentionally low standards of frat-boy humor, Sorority Boys is a bowser."
171,بنو دلوم، مدیر فیلمبرداری، فیلم را با رنگ‌های دلپذیری فیلمبرداری کرده است، لباس‌ها و دکورها نیز عالی هستند‌,1,,"Director of photography Benoit Delhomme shot the movie in delicious colors, and the costumes and sets are grand."
172,تنها سرگرمی ‌که از این ماجرای شلخته و متلاطم به دست می‌آورید، قهقه‌های ناخواسته‌ی چند نفر از آن‌ها است‌,-1,,The only entertainment you'll derive from this choppy and sloppy affair will be from unintentional giggles -- several of them.
173,این فیلم به عنوان کپسول زمانی ارزشمندی عمل می‌کند تا به ما وحشتِ ویرانگری را یادآوری کند که کل مردم متحمل شده‌اند‌,0,,The film serves as a valuable time capsule to remind us of the devastating horror suffered by an entire people.
175,آتال تلاش زیادی می‌کند تا این فیلم را به کمدی یا درام جدی تبدیل کند‌,-1,,Attal pushes too hard to make this a comedy or serious drama.
177,فیلمی کوچک با تاثیری زیاد‌,1,CONTROL,A small movie with a big impact.
178,این اولین اثر جسورانه و غنایی از راجا آماری، این مفهوم را که زنان میانسال فقط می‌خواهند خوش بگذرانند، را به یک رساله‌ای مهیج از توانمندسازی نفسانی گسترش می‌دهد‌,1,,This bold and lyrical first feature from Raja Amari expands the pat notion that middle-aged women just wanna have fun into a rousing treatise of sensual empowerment.
179,با غنای مالیخولیایی فیلمبرداری شده است و با شیوایی اجرا شده است، اما در عین حال غیرسینمایی است‌,0,,Photographed with melancholy richness and eloquently performed yet also decidedly uncinematic.
181,بعد از آن، فیلم احمقانه ضعیف و احساساتی می‌شود,-1,,"After that, it just gets stupid and maudlin."
184,"به عنوان اقتباسی که به طرز ماهرانه و حرفه‌ای مونتاژ شده است، مخاطب را تحت‌تاثیر قرار می‌دهد ‌‌‌دقیقاً همانطور که فیلم ""شکارچی انسان"" هیجان‌انگیز و ترسناک بود‌",1,,"Impresses as a skillfully assembled, highly polished and professional adaptation... just about as chilling and unsettling as `Manhunter' was."
186,این فیلم، بد بازی و کارگردانی شده است و احتمال دارد فیلنامه آن توسط فردی نوشته شده باشد که اخیرا از مدرسه ابتدایی فارغ‌التحصیل شده است‌,-1,,"It's badly acted, blandly directed, and could have been scripted by someone who just graduated from elementary school."
187,از آن دسته فیلم‌هایی است که در آن، شخصیت‌های فیلم هرگاه به دنبال روح واقعی خود می‌گردند، آنها را در کنار ساحلی زیبا در هنگام غروب خورشید می‌بینیم‌,0,,"The sort of picture in which, whenever one of the characters has some serious soul searching to do, they go to a picture-perfect beach during sunset."
191,"فیلم ""اودیارد""، عدم قطعیت ذهنی را با موفقیت، در سطوح مختلف و در کل فیلم حفظ می‌کند که هم جذاب و هم قانع‌کننده است‌",1,,Audiard successfully maintains suspense on different levels throughout a film that is both gripping and compelling.
192,"حتی طرفداران فیلم‌های ترسناک نیز آنچه را که می‌خواهند در فیلم ""هر روز، دردسر"" پیدا نخواهند کرد؛ این فیلم فاقد هیجان و شوخ‌طبعی است‌",-1,,Even horror fans will most likely not find what they're seeking with Trouble Every Day; the movie lacks both thrills and humor.
196,فیلمی پر‌سر‌و‌صدا، زشت و آزاردهنده، بدون اینکه هیچ‌یک از طنزهایش به هدف برسد‌,-1,CONTROL,"A loud, ugly, irritating movie without any of its satirical salvos hitting a discernible target."
201,"""سیمون""، فیلمی سرگرم‌کننده با دیدی جالب به مخلوقی مصنوعی در جهانی است که وجود همزیست‌های مصنوعی افزایش پیدا کرده است‌",1,,``Simone'' is a fun and funky look into an artificial creation in a world that thrives on artificiality.
204,پرتره‌ای از یک هنرمند‌,0,,A portrait of an artist.
206,تاکنون این بهترین فیلم سال بوده است، معیاری که سایر رقبای بهترین فیلم را باید با آن سنجید‌,1,,"It's the best film of the year so far, the benchmark against which all other Best Picture contenders should be measured."
208,هرگز در جذب مخاطب ناموفق نمی‌ماند‌,1,,It never fails to engage us.
212,مانند بهترین فیلم‌های گدارد ‌‌‌از نظر بصری جذاب، نافذ و غیر قابل نقد است‌,1,,"Like the best of Godard's movies... it is visually ravishing, penetrating, impenetrable."
213,تاثیر نهایی این فیلم، زننده و افسرده‌ کننده است‌,-1,,The cumulative effect of the movie is repulsive and depressing.
214,این فیلم چیزی جز تلاش فیلمسازی میانسال که قصد دارد خود را با زنان زیبا و نیمه‌عریان احاطه کند، نیست‌,0,,"Feels like nothing quite so much as a middle-aged moviemaker's attempt to surround himself with beautiful, half-naked women."
223,به استثنای بعضی از بداهه‌پردازی‌های خنده‌دار و گذرا توسط سدریک، در نقش رییس پری، در فیلم، لحظه رستگاری وجود ندارد‌,-1,,"With the exception of some fleetingly amusing improvisations by Cedric the Entertainer as Perry's boss, there isn't a redeeming moment here."
224,فیلمی کوچک و خنده‌دار با دیالوگ‌های هوشمندانه و شخصیت‌های دوست‌داشتنی است‌,1,,It's a funny little movie with clever dialogue and likeable characters.
225,"فیلم  ""13گفتگو"" حسن نیت خود را حفظ می‌کند اما در رسیدن به اصل مطلب نسبتا کند است",0,,"``13 Conversations'' holds its goodwill close, but is relatively slow to come to the point."
227,با این حال آرزو می‌کردی که ای‌کاش این فیلم، زمان بسیار کمتری را صرف ارائه‌ی گزارش‌های معتبر در مورد روایت‌های زندگی پس از مرگ می‌کرد و زمان بسیار بیشتری را صرف نیاز عاشقانه‌ای می‌کرد که در مرکز فیلمنامه بود‌,0,,"You come away wishing, though, that the movie spent a lot less time trying to make a credible case for reports from the afterlife and a lot more time on the romantic urgency that's at the center of the story."
230,واقعاً فیلمی تاثیرگذار است چرا که به طرز واقع‌بینانه‌ایی در مورد انواع عشق است‌,1,,Genuinely touching because it's realistic about all kinds of love.
231,همه‌ی پیچیدگی‌های فیلم، به طور شگفت‌آوری قابل پیش‌بینی است‌,0,,"For all the complications, it's all surprisingly predictable."
233,تضمین می‌کند که شما تئاتر را با لبخندی روی لب ترک کنید‌,1,CONTROL,It will guarantee to have you leaving the theater with a smile on your face.
234,بدبختی مردم به یک نمایش شهوت‌انگیز دیگر تبدیل شده است، که اتفاق می‌افتد و فراموش می‌شود‌,-1,,"The misery of these people becomes just another voyeuristic spectacle, to be consumed and forgotten."
235,"فیلمی کاملاً افتضاح و گنگ، از نظر روایی آشفته، از نظر بصری شلخته، ‌‌‌ترکیبی عجیب از فیلم ""آن چیز"" و فیلم ""فریاد"" که مربوط به سالمندان است‌",-1,,"A thoroughly awful movie -- dumb, narratively chaotic, visually sloppy... a weird amalgam of `The Thing' and a geriatric `Scream.'"
238,این فیلم به قوانین، صحت سیاسی یا نجابت عمومی ‌احترام نمی‌گذارد، اما چیز مهمتری را نشان  می‌دهد: احترام به عوامل ناقص و دیوانه‌اش‌,0,,"The movie has no respect for laws, political correctness or common decency, but it displays something more important: respect for its flawed, crazy people."
239,به طرز عجیبی اگویان کار زیادی را انجام داده است‌,0,,"In a strange way, Egoyan has done too much."
240,پس از دیدن فیلم می‌توانم بگویم هیچ دلیل دیگری وجود ندارد که فردی با یادآوری این فیلم، خود را اذیت کند,-1,,"After seeing the film, I can tell you that there's no other reason why anyone should bother remembering it."
248,جذاب و کاملا سرگرم کننده,1,,Intriguing and downright intoxicating.
249,ترکیب فوق‌العاده‌ایی از شیرینی و دستاورد‌های فنی خارق‌العاده‌ی فیلم اول، حفظ می‌شود اما تاثیر کلی آن با خط داستانی که هرگز به طور کامل جادوی اصلی را ارائه نمی‌کند، کمی‌ افت می‌کند‌,0,,"The wonderful combination of the sweetness and the extraordinary technical accomplishments of the first film are maintained, but its overall impact falls a little flat with a storyline that never quite delivers the original magic."
252,درامی ‌عجیب و غریب به لطف اجرای پرانرژی و همیشه غافلگیرکننده‌ی ریچل گریفیث که احساس و شوخ‌طبعی را تحت تاثیر قرار می‌دهد‌,1,,The quirky drama touches the heart and the funnybone thanks to the energetic and always surprising performance by Rachel Griffiths.
255,این فیلم، انفجاری از انرژی آموزشی است چرا که انیمیشن پر جنب و جوش و آهنگ‌های جذاب، شما را در کل 85 دقیقه همراهی می‌کند‌,1,,"The movie is a blast of educational energy, as bouncy animation and catchy songs escort you through the entire 85 minutes."
256,فیلم اصلی، فیلم خوبی نبود اما این بازسازی، آن را به یک شاهکار تبدیل می‌کند!,-1,,The original wasn't a good movie but this remake makes it look like a masterpiece!
266,لَبوت نمی‌تواند از اشتباهی مهلک در دوران مدرن اجتناب کند: او مردی دانشگاهی را از بریتانیاییِ طبقه‌ی پایین به آمریکایی تبدیل کرده است، انتخابی که تعادل بدیع رمان را به‌هم می‌زند و تار‌و‌پود فیلم را نابود می‌کند‌,0,,"LaBute can't avoid a fatal mistake in the modern era: He's changed the male academic from a lower-class Brit to an American, a choice that upsets the novel's exquisite balance and shreds the fabric of the film."
271,این فیلم چنان است که می‌تواند شما را از هیجان دور کند، تا مرحله‌ای که تقریباً خون به مغز شما نرسد؛ این فیلم احساس احمقانه و کسل‌کننده‌ای در شما ایجاد می‌کند‌,-1,CONTROL,"The movie is as far as you can get from racy, to the point where it almost stops the blood flow to your brain; it has a dull, costumey feel."
272,"""پیانست"" بهترین فیلم پولانسکی است‌",1,CONTROL,The Pianist is Polanski's best film.
273,شاید حق با توماس ولف بود: دیگر نمی‌توانید به خانه برگردید‌,0,,Maybe Thomas Wolfe was right: You can't go home again.
275,چرا تسلط کامل فیلم را به او داده‌اند، او نویسندگی، کارگردانی، بازیگری و تهیه‌کنندگی فیلم را به عهده گرفته است، که دلیل آن فراتر از درک من است‌,-1,,"Why he was given free reign over this project -- he wrote, directed, starred and produced -- is beyond me."
276,"اگر از فیلنامه‌ای لذت می‌برید که در آن فرض شده است که شما خیلی باهوش نیستید، فیلم ""کار خون"" برای شما مناسب است‌",-1,,"If you enjoy being rewarded by a script that assumes you aren't very bright, then Blood Work is for you."
278,اما شخصیتِ فخرفروش و لطیفه‌گوی او قطعاً در حال پیر شدن است‌,0,,But his showboating wise-cracker stock persona sure is getting old.
280,استعدادهای زیادی در این تلاش ابلهانه و کم‌توان هدر  می‌رود‌,-1,CONTROL,"A lot of talent is wasted in this crass, low-wattage endeavor."
282,دومین فیلم هری‌پاتر، به مراتب فیلمی بهتر از فیلم قبلی آن است‌,1,,The second coming of Harry Potter is a film far superior to its predecessor.
284,احتمال دارد این فیلم بسیاری از مردم را به سمت اپرا سوق دهد، به طور کلی اثری هنری و در عین حال معنوی، به طرز شگفت‌انگیزی هم عوام‌پسند و از نظر احساسی هم به والایی زندگی است‌,1,,"The film just might turn on many people to opera, in general, an art form at once visceral and spiritual, wonderfully vulgar and sublimely lofty -- and as emotionally grand as life."
285,ظاهرسازی زیبا ‌‌‌زود بدست می‌آیند و دیر از بین می‌روند و تقریباً هر دقیقه شما را پر می‌کند ‌‌‌با درخششی دلچسب، برخی پوزخندهای گستاخانه و میزان باشکوهی از توانایی رهایی‌بخش بشر، برای پیروزی بر یک یا دو اسکروج را فراهم می‌کنند‌,1,,"The delicious trimmings... arrive early and stay late, filling nearly every minute... with a lighthearted glow, some impudent snickers, and a glorious dose of humankind's liberating ability to triumph over a Scrooge or two."
288,پارکر را باید به‌خاطر اتخاذ رویکردی نو نسبت به اصولی که با آن آشنا است، ستود اما تصمیم او برای وفادار ماندن به متن اصلی او را در فیلم به‌سمت اتخاذ لحنی تا حدودی مصنوعی سوق  می‌دهد ‌‌‌که در نهایت تراژدی انسانی را در هسته‌ی فیلمنامه کمرنگ می‌کند‌,0,,"Parker should be commended for taking a fresh approach to familiar material, but his determination to remain true to the original text leads him to adopt a somewhat mannered tone... that ultimately dulls the human tragedy at the story's core."
289,سخت، دوست‌داشتنی، دلسوز، دلچسب‌,1,,"Hard, endearing, caring, warm."
295,"ای کاش راهی وجود داشت که به طور موثر خطرات مواد مخدر را به بچه‌ها آموزش داد، من فکر  می‌کنم این موضوع در فیلم‌هایی مانند ""پرداخت"" وجود دارد، (که متاسفانه فیلم مخصوص بزرگسالان است)",0,,"If there's a way to effectively teach kids about the dangers of drugs, I think it's in projects like the (unfortunately R-rated) Paid."
296,"اگر از طرفداران دبلیو‌دبلیو‌اف‌ هستید یا با افرادی ارتباط دارید که کشتار روبات‌ها را در هوش‌مصنوعی تماشا می‌کنند، احتمالاً فیلم ""رولربال"" را دوست دارید‌",0,,"If you're a WWF fan, or you related to the people who watched the robots getting butchered in A.I., you'll probably like Rollerball."
297,نورتون فیلم را سر پا نگه داشته است‌,0,,Norton holds the film together.
299,این فیلم شما را از خنده روده‌بر نمی‌کند، چنین قصدی نیز ندارد، بلکه صرفاً بررسیِ سینماییِ ملایم است که نشان می‌دهد چه چیزی شوخی را به شوخی تبدیل می‌کند‌,0,,It won't bust your gut -- and it's not intended to -- it's merely a blandly cinematic surgical examination of what makes a joke a joke.
302,اگر بیش از 25 سال سن دارید، هوش بالای 90 دارید، گواهینامه‌ی رانندگی دارید، باید بتوانید برای خود سرگرمی ‌بهتری پیدا کنید‌,-1,,"If you're over 25, have an IQ over 90, and have a driver's license, you should be able to find better entertainment."
307,درام روانشناختی که به طرز عجیبی جذاب است و بازی‌های آن درخشان است‌,1,,A strangely compelling and brilliantly acted psychological drama.
313,"این اساساً چیزی است که در فیلم ""تخته سیاه‌ها"" غایب است - حس چیزی بزرگتر، یک نقطه نهایی‌ در فیلم",0,,"That is essentially what's missing from Blackboards -- the sense of something bigger, some ultimate point."
316,"""شکارچی کروکودیل""، اسپین‌آفِ احمقانه و تنبل از سری مستند ""سیاره‌ی حیوانات"" است که در بهترین حالت، فرصت‌طلبی در حوزه‌ی سرگرمی ‌محسوب می‌شود‌",-1,,"A dim-witted and lazy spin-off of the Animal Planet documentary series, Crocodile Hunter is entertainment opportunism at its most glaring."
317,قسمت‌هایی از فیلم که خوب است، خیلی خیلی خوب است، سایر قسمت‌ها از غیر قابل توجه تا به طرز مایوس کننده‌ای افتضاح بودند‌,0,,"The good is very, very good... The rest runs from mildly unimpressive to despairingly awful."
320,"فیلم ""هشت شب دیوانه‌وار"" از آدام سندلر مثل یک خارش، شما را از پا در می‌آورد‌",-1,,Adam Sandler's Eight Crazy Nights grows on you -- like a rash.
327,اگر از قبل به چنین موضوع‌هایی علاقه داشتید، این فیلم دوباره در مورد همان چیز‌ها است‌,0,,"If you already like this sort of thing, this is that sort of thing all over again."
328,فیلمی افتضاح که تنها بینندگان احساساتی را راضی خواهد کرد‌,-1,,An awful movie that will only satisfy the most emotionally malleable of filmgoers.
329,این فیلمی فوق‌العاده است، به ویژه اینکه ژاپنی است و در عین حال نگاهی جهانی دارد‌,1,,"This is an extraordinary film, not least because it is Japanese and yet feels universal."
330,این فیلم با اسمی ‌مناسب و با لباس‌ها و فیلمبرداری درخشان و زیبا به‌درد من نمی‌خورد,0,,"Aptly named, this shimmering, beautifully costumed and filmed production doesn't work for me."
331,"اگر فیلم ""پسر بورستال"" به طور خاص واقع‌گرایانه نباشد، نوستالژی جذابی است‌",0,,"If Borstal Boy isn't especially realistic, it is an engaging nostalgia piece."
333,سکانس‌های تیمارستان بسیار جذاب است، مانند صحنه‌های جیا و خانواده‌اش‌,1,,"The asylum material is gripping, as are the scenes of Jia with his family."
339,"""انیگما"" از آن دسته درام‌های تاریخی است که به نظر می‌رسد هالیوود به نفع فیلم‌های جنگی احساساتی به سبک ""ما سرباز بودیم"" از آن دست کشیده است‌",0,,`Enigma' is the kind of engaging historical drama that Hollywood appears to have given up on in favor of sentimental war movies in the vein of `We Were Soldiers.'
340,"راک، حضور خوبی دارد اما نبردها، یکی پس از دیگری همانند نبردهایی که همراه با افکت قاتل در ""سی‌جی‌آی"" ‌تولید می‌شود، نیست‌",0,,The Rock has a great presence but one battle after another is not the same as one battle followed by killer CGI effects.
341,به لحاظ بصری فاخر اما از لحاظ عقلی، احمقانه است‌,0,,Visually sumptuous but intellectually stultifying.
343,مشکل این است که بیشتر قسمت‌های این فیلم کسل‌کننده است‌,-1,,"The problem is that for the most part, the film is deadly dull."
344,نگاهی سطحی به جنبه‌های مختلف زندگی چینی‌ها که با یکدیگر درگیر هستند‌,0,,A thinly veiled look at different aspects of Chinese life clashing with each other.
347,به طور قابل توجهی قابلیت برقراری ارتباط را دارد و تاثیرگذار است,1,,Remarkably accessible and affecting.
349,به‌طور مشخص، ‌‌‌بیشتر احتمال دارد بیننده را در بی‌حوصلگی غرق کند تا اینکه لرزه‌ای در ستون فقرات او ایجاد کند‌,-1,,Distinctly sub-par... more likely to drown a viewer in boredom than to send any shivers down his spine.
359,"بازیگری ""گولوم"" باورنکردنی است!",1,,Gollum's `performance' is incredible!
361,به عنوان یک بازسازی، تقلیدی کم‌رنگ است‌,-1,,"As a remake, it's a pale imitation."
362,مطمئناً بزرگسالان مایلند وقت خود را در تئاتر به فکر کردن در مورد لیست مواد غذاییشان برای خرید و روش‌هایی بگذرانند، تا به فرزندان خود بگویند که چگونه مانند پینوکیو رفتار نکنند‌,0,,Adults will certainly want to spend their time in the theater thinking up grocery lists and ways to tell their kids how not to act like Pinocchio.
367,این فیلمِ عجیب و شاعرانه که در جاده اتفاق می‌افتد، با موسیقی پاپ همراه شده است، تقریباً در نگاهِ همیشه مراقبِ مورتون اتفاق می‌افتد و ادای احترامی‌ به بازیگر زن و کارگردان مبتکر او است که این سفر، چنین مسحورکننده شده است‌,1,,"This odd, poetic road movie, spiked by jolts of pop music, pretty much takes place in Morton's ever-watchful gaze -- and it's a tribute to the actress, and to her inventive director, that the journey is such a mesmerizing one."
368,تلاش‌های جاناتان پارکر، نویسنده و کارگردان، برای خلق یک طنز ابرواقعی و برزیلی به‌طرز وحشتناکی زود از بین می‌رود‌,-1,,"Co-writer/director Jonathan Parker's attempts to fashion a Brazil-like, hyper-real satire fall dreadfully short."
372,در حالی که این ملودرام ملایم و تأثیرگذار، جذابیت‌هایی را با خود به همراه خواهد داشت، اما برای هر چیزی فراتر از یک مخاطب پروپاقرص، بسیار کوچک و سطحی است‌,0,,"While this gentle and affecting melodrama will have luvvies in raptures, it's far too slight and introspective to appeal to anything wider than a niche audience."
374,ماجرای بسیار احمقانه، با داستانی پیش‌و‌پا افتاده و شخصیت‌های مقوایی و بازیگرانی که ارزش پول را بالاتر از اعتبار می‌دانند‌,-1,,"A profoundly stupid affair, populating its hackneyed and meanspirited storyline with cardboard characters and performers who value cash above credibility."
375,"فیلم ""آب گرم زیر پل قرمز""، فیلم ژاپنی عجیب و غریب و تکان‌دهنده‌ای است که به بررسی روابط میان زنان، آب، طبیعت و تمایلات جنسیت می‌پردازد‌",1,,"Warm Water Under a Red Bridge is a quirky and poignant Japanese film that explores the fascinating connections between women, water, nature, and sexuality."
376,"اگر این فیلم شکست بزرگی باشد، پس ""دزدی هاروارد"" فیلم وحشتناکی نیست‌",-1,,It isn't that Stealing Harvard is a horrible movie -- if only it were that grand a failure!
377,فیلم چیز بیشتر دیگری ندارد، بخصوص در سکانس‌های اخلاقی,0,,It just doesn't have much else... especially in a moral sense.
378,"کسانی که با سنت‌های مسیحیان مورمون‌ آشنایی ندارند، احتمال دارد فیلم ""محله‌ی مجردها"" برایشان، گیج‌کننده به نظر برسد‌",0,,Those unfamiliar with Mormon traditions may find The Singles Ward occasionally bewildering.
379,این فیلم به عنوان کمدی، عاشقانه، افسانه یا درام دیده می‌شود، اما هیچ چیز، تاحدی پیروزمندانه‌ هم در این فیلم وجود ندارد‌,0,,"Viewed as a comedy, a romance, a fairy tale, or a drama, there's nothing remotely triumphant about this motion picture."
380,بازیگران با استعداد به تنهایی شما را مجذوب فیلم می‌کنند، در حالی که صحنه‌های مبارزه هم این قابلیت را دارند‌,1,CONTROL,"But the talented cast alone will keep you watching, as will the fight scenes."
383,کانتِت به خوبی لابی‌های هتل، بزرگراه‌های دوطرفه و کافه‌های کنار جاده را در روز تعطیل وینسنت به تصویر می‌کشد‌,1,,"Cantet perfectly captures the hotel lobbies, two-lane highways, and roadside cafes that permeate Vincent's days"
384,فیلمی مهم، یادآور قدرت فیلم برای تحت تاثیر قراردادن و وادار کردن ما به بررسی ارزش‌های خود است‌,1,,"An important movie, a reminder of the power of film to move us and to make us examine our values."
385,قسمت هایی زیادی از این فیلم، شاهد بازی خوب بازیگران هستیم، اما فیلم به طرز خطرناکی کند دنبال می‌شود، انگار داستان مقدمه‌ای از داستانی پیچیده‌تر است که هرگز محقق نمی‌شود‌,-1,,"Too much of this well-acted but dangerously slow thriller feels like a preamble to a bigger, more complicated story, one that never materializes."
386,اثری سرشار از تخیل و به طرز قابل تحسینی بالغ، از کارگردانی با استعداد که قطعاً چیزی در ذهن خود داشته است‌,1,,A richly imagined and admirably mature work from a gifted director who definitely has something on his mind.
391,"فیلمی اکشن/هیجانی از بهترین نوع خود است، که یادآور خاطراتی از فیلم‌های ""روز شغال""، ""ارتباط فرانسوی"" و ""گرما"" است‌",1,,"An action/thriller of the finest kind, evoking memories of Day of the Jackal, The French Connection, and Heat."
393,هر فردی فیلم را از منشور باورها و تعصبات خود می‌بیند، اما نکته‌ای که بیش از همه مشخص است این است که صلح امکان‌پذیر است‌,1,,"Every individual will see the movie through the prism of his or her own beliefs and prejudices, but the one thing most will take away is the sense that peace is possible."
394,احساس می‌شود فیلم کمی‌ کوتاه است، البته که توسط باهوش‌ترین شاگرد کلاس ساخته شده است‌,0,,"Feels slight, as if it were an extended short, albeit one made by the smartest kids in class."
395,فیلم نمی‌داند که کمدی است,0,,The picture doesn't know it's a comedy.
396,اثری منحصر‌به‌فرد توسط اسطوره‌ای که شاید چیزی برای اثبات نداشته باشد اما هنوز هم می‌تواند نشان دهد که چگونه می‌توان فیلم ساخت‌,1,,A classy item by a legend who may have nothing left to prove but still has the chops and drive to show how its done.
398,فیلمی که به اندازه‌ی رَپ بد، بی‌ارزش است‌,-1,,The sort of movie that gives tastelessness a bad rap.
399,سادگی جذاب فیلم با سرنخ‌های جذاب هدایت می‌شود‌,1,,Its engaging simplicity is driven by appealing leads.
403,به طور خاص فیلم خوبی نیست و در مورد هیولاها هم نیست‌,0,CONTROL,"It's not a particularly good film, but neither is it a monsterous one."
